[
{
  "model": "auth.user",
  "pk": 1,
  "fields": {
    "password": "pbkdf2_sha256$260000$SkqQqLDoEW1UxEmePAum1D$i9S8nBolhl23IRBpo88db/SSMNiF7LoN+K1R7GZEoxo=",
    "last_login": "2021-08-02T14:45:45.406",
    "is_superuser": true,
    "username": "admin",
    "first_name": "Admin",
    "last_name": "",
    "email": "admin@cafe.com",
    "is_staff": true,
    "is_active": true,
    "date_joined": "2021-08-02T14:05:05",
    "groups": [],
    "user_permissions": []
  }
},
{
  "model": "auth.user",
  "pk": 2,
  "fields": {
    "password": "pbkdf2_sha256$260000$UAbto0ayOIxDNwGNT67MUj$AyXAbFa9sYk05jTmeTmVwsTAYjiLYmWT5qQcQlD4awk=",
    "last_login": null,
    "is_superuser": false,
    "username": "manager",
    "first_name": "Manager",
    "last_name": "",
    "email": "manager@cafe.com",
    "is_staff": false,
    "is_active": true,
    "date_joined": "2021-08-02T14:58:09.544",
    "groups": [],
    "user_permissions": []
  }
},
{
  "model": "auth.user",
  "pk": 3,
  "fields": {
    "password": "pbkdf2_sha256$260000$2IvM5PTQQJq74NNIiKsUpW$nUGO4ov5zvxQoWMbuXAuXQb5DGN1nIy7ZdMN0vc8vy0=",
    "last_login": null,
    "is_superuser": false,
    "username": "worker1",
    "first_name": "Worker1",
    "last_name": "",
    "email": "worker1@cafe.com",
    "is_staff": false,
    "is_active": true,
    "date_joined": "2021-08-02T14:59:48.408",
    "groups": [],
    "user_permissions": []
  }
},
{
  "model": "auth.user",
  "pk": 4,
  "fields": {
    "password": "pbkdf2_sha256$260000$V5TMajnKTqOW1aao1XtOvu$1bEAtKxP5xutVq9BxUQKprsu6naqKvEwxz3/lDcz2KQ=",
    "last_login": null,
    "is_superuser": false,
    "username": "worker2",
    "first_name": "Worker2",
    "last_name": "",
    "email": "worker2@cafe.com",
    "is_staff": false,
    "is_active": true,
    "date_joined": "2021-08-02T15:00:35.342",
    "groups": [],
    "user_permissions": []
  }
},
{
  "model": "accounts.userprofile",
  "pk": 1,
  "fields": {
    "user": 1,
    "cnic": "3110103409943",
    "dob": "2019-08-02",
    "gender": "Male",
    "mobile1": "03300000000",
    "mobile2": null,
    "roll": "Admin",
    "address": "bwn",
    "doj": "2021-08-02",
    "creator": 1,
    "created": "2021-08-02T09:19:39",
    "updater": null,
    "updated": null,
    "deleter": null,
    "deleted": null,
    "is_deleted": false
  }
},
{
  "model": "accounts.userprofile",
  "pk": 2,
  "fields": {
    "user": 2,
    "cnic": "3110103409943",
    "dob": "2000-08-01",
    "gender": "Male",
    "mobile1": "03031201501",
    "mobile2": null,
    "roll": "Manager",
    "address": "bwn",
    "doj": "2021-08-01",
    "creator": 1,
    "created": "2021-08-02T14:58:52.236",
    "updater": null,
    "updated": null,
    "deleter": null,
    "deleted": null,
    "is_deleted": false
  }
},
{
  "model": "accounts.userprofile",
  "pk": 3,
  "fields": {
    "user": 3,
    "cnic": "3110103409943",
    "dob": "2006-08-01",
    "gender": "Male",
    "mobile1": "03031201501",
    "mobile2": null,
    "roll": "Order Taker",
    "address": "bwn",
    "doj": "2021-08-01",
    "creator": 1,
    "created": "2021-08-02T15:00:13.968",
    "updater": null,
    "updated": null,
    "deleter": null,
    "deleted": null,
    "is_deleted": false
  }
},
{
  "model": "accounts.userprofile",
  "pk": 4,
  "fields": {
    "user": 4,
    "cnic": "3110103409943",
    "dob": "2021-07-25",
    "gender": "Male",
    "mobile1": "03031201501",
    "mobile2": null,
    "roll": "Sheff",
    "address": "bwn",
    "doj": "2021-08-01",
    "creator": 1,
    "created": "2021-08-02T15:00:58.740",
    "updater": null,
    "updated": null,
    "deleter": null,
    "deleted": null,
    "is_deleted": false
  }
},
{
  "model": "customer.customer",
  "pk": 1,
  "fields": {
    "name": "Ahmad",
    "mobile": "03003030330",
    "address": "bwn",
    "creator": 1,
    "created": "2021-08-02T15:02:12.706",
    "updater": null,
    "updated": null,
    "deleter": null,
    "deleted": null,
    "is_deleted": false
  }
},
{
  "model": "customer.customer",
  "pk": 2,
  "fields": {
    "name": "ijaz",
    "mobile": "03000000000",
    "address": "bwn",
    "creator": null,
    "created": null,
    "updater": null,
    "updated": null,
    "deleter": null,
    "deleted": null,
    "is_deleted": false
  }
},
{
  "model": "customer.customer",
  "pk": 3,
  "fields": {
    "name": "tariq",
    "mobile": "03003030303",
    "address": "bwn",
    "creator": null,
    "created": null,
    "updater": null,
    "updated": null,
    "deleter": null,
    "deleted": null,
    "is_deleted": false
  }
},
{
  "model": "customer.customer",
  "pk": 4,
  "fields": {
    "name": "abdullah",
    "mobile": "03186125155",
    "address": "bwn",
    "creator": null,
    "created": null,
    "updater": null,
    "updated": null,
    "deleter": null,
    "deleted": null,
    "is_deleted": false
  }
},
{
  "model": "menu.category",
  "pk": 1,
  "fields": {
    "name": "Pizza",
    "creator": 1,
    "created": "2021-08-02T09:30:39",
    "updater": null,
    "updated": null,
    "deleter": null,
    "deleted": null,
    "is_deleted": false
  }
},
{
  "model": "menu.category",
  "pk": 2,
  "fields": {
    "name": "Burger",
    "creator": 1,
    "created": "2021-08-02T09:32:48",
    "updater": null,
    "updated": null,
    "deleter": null,
    "deleted": null,
    "is_deleted": false
  }
},
{
  "model": "menu.category",
  "pk": 3,
  "fields": {
    "name": "Sandwich",
    "creator": 1,
    "created": "2021-08-02T09:33:19",
    "updater": null,
    "updated": null,
    "deleter": null,
    "deleted": null,
    "is_deleted": false
  }
},
{
  "model": "menu.category",
  "pk": 4,
  "fields": {
    "name": "Cold Drink",
    "creator": 1,
    "created": "2021-08-02T11:13:28",
    "updater": null,
    "updated": null,
    "deleter": null,
    "deleted": null,
    "is_deleted": false
  }
},
{
  "model": "menu.size",
  "pk": 1,
  "fields": {
    "category": 1,
    "size": "Large",
    "creator": 1,
    "created": "2021-08-02T09:33:40",
    "updater": null,
    "updated": null,
    "deleter": null,
    "deleted": null,
    "is_deleted": false
  }
},
{
  "model": "menu.size",
  "pk": 2,
  "fields": {
    "category": 1,
    "size": "Medium",
    "creator": 1,
    "created": "2021-08-02T09:33:55",
    "updater": null,
    "updated": null,
    "deleter": null,
    "deleted": null,
    "is_deleted": false
  }
},
{
  "model": "menu.size",
  "pk": 3,
  "fields": {
    "category": 1,
    "size": "Small",
    "creator": 1,
    "created": "2021-08-02T09:34:10",
    "updater": null,
    "updated": null,
    "deleter": null,
    "deleted": null,
    "is_deleted": false
  }
},
{
  "model": "menu.size",
  "pk": 4,
  "fields": {
    "category": 2,
    "size": "Ragular",
    "creator": 1,
    "created": "2021-08-02T09:34:29",
    "updater": null,
    "updated": null,
    "deleter": null,
    "deleted": null,
    "is_deleted": false
  }
},
{
  "model": "menu.size",
  "pk": 5,
  "fields": {
    "category": 3,
    "size": "Ragular",
    "creator": 1,
    "created": "2021-08-02T09:34:42",
    "updater": null,
    "updated": null,
    "deleter": null,
    "deleted": null,
    "is_deleted": false
  }
},
{
  "model": "menu.size",
  "pk": 6,
  "fields": {
    "category": 4,
    "size": "Ragular",
    "creator": 1,
    "created": "2021-08-02T11:13:47",
    "updater": null,
    "updated": null,
    "deleter": null,
    "deleted": null,
    "is_deleted": false
  }
},
{
  "model": "menu.size",
  "pk": 7,
  "fields": {
    "category": 4,
    "size": "Half LItter",
    "creator": 1,
    "created": "2021-08-02T11:14:11",
    "updater": null,
    "updated": null,
    "deleter": null,
    "deleted": null,
    "is_deleted": false
  }
},
{
  "model": "menu.size",
  "pk": 8,
  "fields": {
    "category": 4,
    "size": "1 Litter",
    "creator": 1,
    "created": "2021-08-02T11:14:26",
    "updater": null,
    "updated": null,
    "deleter": null,
    "deleted": null,
    "is_deleted": false
  }
},
{
  "model": "menu.size",
  "pk": 9,
  "fields": {
    "category": 4,
    "size": "1.5 Litter",
    "creator": 1,
    "created": "2021-08-02T11:14:57",
    "updater": null,
    "updated": null,
    "deleter": null,
    "deleted": null,
    "is_deleted": false
  }
},
{
  "model": "menu.menu",
  "pk": 1,
  "fields": {
    "category": 1,
    "name": "Fajita",
    "creator": 1,
    "created": "2021-08-02T09:35:04",
    "updater": null,
    "updated": null,
    "deleter": null,
    "deleted": null,
    "is_deleted": false
  }
},
{
  "model": "menu.menu",
  "pk": 2,
  "fields": {
    "category": 1,
    "name": "Tikka",
    "creator": 1,
    "created": "2021-08-02T09:35:16",
    "updater": null,
    "updated": null,
    "deleter": null,
    "deleted": null,
    "is_deleted": false
  }
},
{
  "model": "menu.menu",
  "pk": 3,
  "fields": {
    "category": 2,
    "name": "Zinger",
    "creator": 1,
    "created": "2021-08-02T09:36:38",
    "updater": null,
    "updated": null,
    "deleter": null,
    "deleted": null,
    "is_deleted": false
  }
},
{
  "model": "menu.menu",
  "pk": 4,
  "fields": {
    "category": 2,
    "name": "Double Zinger",
    "creator": 1,
    "created": "2021-08-02T09:37:00",
    "updater": null,
    "updated": null,
    "deleter": null,
    "deleted": null,
    "is_deleted": false
  }
},
{
  "model": "menu.menu",
  "pk": 5,
  "fields": {
    "category": 3,
    "name": "Club",
    "creator": 1,
    "created": "2021-08-02T09:37:24",
    "updater": null,
    "updated": null,
    "deleter": null,
    "deleted": null,
    "is_deleted": false
  }
},
{
  "model": "menu.menu",
  "pk": 6,
  "fields": {
    "category": 3,
    "name": "Thunder",
    "creator": 1,
    "created": "2021-08-02T09:37:45",
    "updater": null,
    "updated": null,
    "deleter": null,
    "deleted": null,
    "is_deleted": false
  }
},
{
  "model": "menu.menu",
  "pk": 7,
  "fields": {
    "category": 4,
    "name": "Coca Cola",
    "creator": 1,
    "created": "2021-08-02T11:15:51",
    "updater": null,
    "updated": null,
    "deleter": null,
    "deleted": null,
    "is_deleted": false
  }
},
{
  "model": "menu.menu",
  "pk": 8,
  "fields": {
    "category": 4,
    "name": "Sprite",
    "creator": 1,
    "created": "2021-08-02T11:16:06",
    "updater": null,
    "updated": null,
    "deleter": null,
    "deleted": null,
    "is_deleted": false
  }
},
{
  "model": "menu.menu",
  "pk": 9,
  "fields": {
    "category": 4,
    "name": "Pepsi",
    "creator": 1,
    "created": "2021-08-02T11:16:20",
    "updater": null,
    "updated": null,
    "deleter": null,
    "deleted": null,
    "is_deleted": false
  }
},
{
  "model": "menu.menu",
  "pk": 10,
  "fields": {
    "category": 4,
    "name": "7UP",
    "creator": 1,
    "created": "2021-08-02T11:16:33",
    "updater": null,
    "updated": null,
    "deleter": null,
    "deleted": null,
    "is_deleted": false
  }
},
{
  "model": "menu.price",
  "pk": 1,
  "fields": {
    "menu": 1,
    "size": 1,
    "price": 1000,
    "creator": 1,
    "created": "2021-08-02T09:38:21",
    "updater": null,
    "updated": null,
    "deleter": null,
    "deleted": null,
    "is_deleted": false
  }
},
{
  "model": "menu.price",
  "pk": 2,
  "fields": {
    "menu": 1,
    "size": 2,
    "price": 600,
    "creator": 1,
    "created": "2021-08-02T09:38:41",
    "updater": null,
    "updated": null,
    "deleter": null,
    "deleted": null,
    "is_deleted": false
  }
},
{
  "model": "menu.price",
  "pk": 3,
  "fields": {
    "menu": 1,
    "size": 3,
    "price": 300,
    "creator": 1,
    "created": "2021-08-02T09:38:58",
    "updater": null,
    "updated": null,
    "deleter": null,
    "deleted": null,
    "is_deleted": false
  }
},
{
  "model": "menu.price",
  "pk": 4,
  "fields": {
    "menu": 2,
    "size": 1,
    "price": 1000,
    "creator": 1,
    "created": "2021-08-02T09:39:25",
    "updater": null,
    "updated": null,
    "deleter": null,
    "deleted": null,
    "is_deleted": false
  }
},
{
  "model": "menu.price",
  "pk": 5,
  "fields": {
    "menu": 2,
    "size": 2,
    "price": 600,
    "creator": 1,
    "created": "2021-08-02T09:39:38",
    "updater": null,
    "updated": null,
    "deleter": null,
    "deleted": null,
    "is_deleted": false
  }
},
{
  "model": "menu.price",
  "pk": 6,
  "fields": {
    "menu": 2,
    "size": 3,
    "price": 300,
    "creator": 1,
    "created": "2021-08-02T09:39:56",
    "updater": null,
    "updated": null,
    "deleter": null,
    "deleted": null,
    "is_deleted": false
  }
},
{
  "model": "menu.price",
  "pk": 7,
  "fields": {
    "menu": 3,
    "size": 4,
    "price": 300,
    "creator": 1,
    "created": "2021-08-02T09:40:14",
    "updater": null,
    "updated": null,
    "deleter": null,
    "deleted": null,
    "is_deleted": false
  }
},
{
  "model": "menu.price",
  "pk": 8,
  "fields": {
    "menu": 4,
    "size": 4,
    "price": 500,
    "creator": 1,
    "created": "2021-08-02T09:40:31",
    "updater": null,
    "updated": null,
    "deleter": null,
    "deleted": null,
    "is_deleted": false
  }
},
{
  "model": "menu.price",
  "pk": 9,
  "fields": {
    "menu": 5,
    "size": 5,
    "price": 200,
    "creator": 1,
    "created": "2021-08-02T09:40:49",
    "updater": null,
    "updated": null,
    "deleter": null,
    "deleted": null,
    "is_deleted": false
  }
},
{
  "model": "menu.price",
  "pk": 10,
  "fields": {
    "menu": 6,
    "size": 5,
    "price": 400,
    "creator": 1,
    "created": "2021-08-02T09:41:05",
    "updater": null,
    "updated": null,
    "deleter": null,
    "deleted": null,
    "is_deleted": false
  }
},
{
  "model": "menu.price",
  "pk": 11,
  "fields": {
    "menu": 7,
    "size": 6,
    "price": 30,
    "creator": 1,
    "created": "2021-08-02T11:17:03",
    "updater": null,
    "updated": null,
    "deleter": null,
    "deleted": null,
    "is_deleted": false
  }
},
{
  "model": "menu.price",
  "pk": 12,
  "fields": {
    "menu": 7,
    "size": 7,
    "price": 60,
    "creator": 1,
    "created": "2021-08-02T11:17:22",
    "updater": null,
    "updated": null,
    "deleter": null,
    "deleted": null,
    "is_deleted": false
  }
},
{
  "model": "order.order",
  "pk": 2,
  "fields": {
    "ordertype": "service",
    "customer": 2,
    "table_number": 0,
    "complete": true,
    "deliver_by": null,
    "deliver_at": null,
    "creator": 1,
    "created": "2021-08-02T16:05:33.073",
    "updater": null,
    "updated": null,
    "deleter": null,
    "deleted": null,
    "is_deleted": false
  }
},
{
  "model": "order.order",
  "pk": 3,
  "fields": {
    "ordertype": "service",
    "customer": 3,
    "table_number": 3,
    "complete": true,
    "deliver_by": null,
    "deliver_at": null,
    "creator": 1,
    "created": "2021-08-02T16:38:26.349",
    "updater": null,
    "updated": null,
    "deleter": null,
    "deleted": null,
    "is_deleted": false
  }
},
{
  "model": "order.order",
  "pk": 4,
  "fields": {
    "ordertype": "service",
    "customer": 2,
    "table_number": 5,
    "complete": true,
    "deliver_by": null,
    "deliver_at": null,
    "creator": 1,
    "created": "2021-08-02T16:40:02.049",
    "updater": null,
    "updated": null,
    "deleter": null,
    "deleted": null,
    "is_deleted": false
  }
},
{
  "model": "order.order",
  "pk": 5,
  "fields": {
    "ordertype": "service",
    "customer": 4,
    "table_number": 5,
    "complete": true,
    "deliver_by": null,
    "deliver_at": null,
    "creator": 1,
    "created": "2021-08-02T16:55:41.129",
    "updater": null,
    "updated": null,
    "deleter": null,
    "deleted": null,
    "is_deleted": false
  }
},
{
  "model": "order.temporderitem",
  "pk": 2,
  "fields": {
    "order": 2,
    "category": 1,
    "menu": 2,
    "size": 2,
    "quantity": 1,
    "total": 600,
    "status": "waiting",
    "commit": true,
    "creator": 1,
    "created": "2021-08-02T16:11:09.955",
    "updater": null,
    "updated": null,
    "deleter": null,
    "deleted": null,
    "is_deleted": false
  }
},
{
  "model": "order.temporderitem",
  "pk": 3,
  "fields": {
    "order": 2,
    "category": 2,
    "menu": 3,
    "size": 4,
    "quantity": 2,
    "total": 600,
    "status": "waiting",
    "commit": true,
    "creator": 1,
    "created": "2021-08-02T16:11:22.868",
    "updater": null,
    "updated": null,
    "deleter": null,
    "deleted": null,
    "is_deleted": false
  }
},
{
  "model": "order.temporderitem",
  "pk": 4,
  "fields": {
    "order": 2,
    "category": 3,
    "menu": 6,
    "size": 5,
    "quantity": 2,
    "total": 800,
    "status": "waiting",
    "commit": true,
    "creator": 1,
    "created": "2021-08-02T16:11:41.382",
    "updater": null,
    "updated": null,
    "deleter": null,
    "deleted": null,
    "is_deleted": false
  }
},
{
  "model": "order.temporderitem",
  "pk": 5,
  "fields": {
    "order": 2,
    "category": 4,
    "menu": 7,
    "size": 6,
    "quantity": 2,
    "total": 60,
    "status": "waiting",
    "commit": true,
    "creator": 1,
    "created": "2021-08-02T16:17:45.884",
    "updater": null,
    "updated": null,
    "deleter": null,
    "deleted": null,
    "is_deleted": false
  }
},
{
  "model": "order.orderitem",
  "pk": 1,
  "fields": {
    "order": 3,
    "category": 2,
    "menu": 3,
    "size": 4,
    "quantity": 1,
    "total": 300,
    "creator": 1,
    "created": "2021-08-02T16:39:18.127",
    "updater": null,
    "updated": null,
    "deleter": null,
    "deleted": null,
    "is_deleted": false
  }
},
{
  "model": "order.orderitem",
  "pk": 2,
  "fields": {
    "order": 4,
    "category": 3,
    "menu": 5,
    "size": 5,
    "quantity": 1,
    "total": 200,
    "creator": 1,
    "created": "2021-08-02T16:40:41.313",
    "updater": null,
    "updated": null,
    "deleter": null,
    "deleted": null,
    "is_deleted": false
  }
},
{
  "model": "order.orderitem",
  "pk": 3,
  "fields": {
    "order": 5,
    "category": 1,
    "menu": 1,
    "size": 2,
    "quantity": 1,
    "total": 600,
    "creator": 1,
    "created": "2021-08-02T17:00:28.692",
    "updater": null,
    "updated": null,
    "deleter": null,
    "deleted": null,
    "is_deleted": false
  }
},
{
  "model": "order.orderitem",
  "pk": 4,
  "fields": {
    "order": 5,
    "category": 4,
    "menu": 7,
    "size": 6,
    "quantity": 1,
    "total": 30,
    "creator": 1,
    "created": "2021-08-02T17:00:28.710",
    "updater": null,
    "updated": null,
    "deleter": null,
    "deleted": null,
    "is_deleted": false
  }
},
{
  "model": "order.orderitem",
  "pk": 5,
  "fields": {
    "order": 5,
    "category": 2,
    "menu": 3,
    "size": 4,
    "quantity": 1,
    "total": 300,
    "creator": 1,
    "created": "2021-08-02T17:00:28.720",
    "updater": null,
    "updated": null,
    "deleter": null,
    "deleted": null,
    "is_deleted": false
  }
},
{
  "model": "order.orderitem",
  "pk": 6,
  "fields": {
    "order": 5,
    "category": 3,
    "menu": 5,
    "size": 5,
    "quantity": 1,
    "total": 200,
    "creator": 1,
    "created": "2021-08-02T17:00:28.735",
    "updater": null,
    "updated": null,
    "deleter": null,
    "deleted": null,
    "is_deleted": false
  }
},
{
  "model": "order.table",
  "pk": 1,
  "fields": {
    "number": 1,
    "order": null,
    "is_reserved": false,
    "creator": 1,
    "created": "2021-08-02T10:11:15",
    "updater": null,
    "updated": null,
    "deleter": null,
    "deleted": null,
    "is_deleted": false
  }
},
{
  "model": "order.table",
  "pk": 2,
  "fields": {
    "number": 2,
    "order": null,
    "is_reserved": false,
    "creator": 1,
    "created": "2021-08-02T10:11:25",
    "updater": null,
    "updated": null,
    "deleter": null,
    "deleted": null,
    "is_deleted": false
  }
},
{
  "model": "order.table",
  "pk": 3,
  "fields": {
    "number": 3,
    "order": 3,
    "is_reserved": false,
    "creator": 1,
    "created": "2021-08-02T10:11:37",
    "updater": null,
    "updated": null,
    "deleter": null,
    "deleted": null,
    "is_deleted": false
  }
},
{
  "model": "order.table",
  "pk": 4,
  "fields": {
    "number": 5,
    "order": 5,
    "is_reserved": false,
    "creator": 1,
    "created": "2021-08-02T10:11:47",
    "updater": null,
    "updated": null,
    "deleter": null,
    "deleted": null,
    "is_deleted": false
  }
},
{
  "model": "order.table",
  "pk": 5,
  "fields": {
    "number": 4,
    "order": null,
    "is_reserved": false,
    "creator": 1,
    "created": "2021-08-02T11:35:35",
    "updater": null,
    "updated": null,
    "deleter": null,
    "deleted": null,
    "is_deleted": false
  }
}
]
